{"stats":{"minecraft:crafted":{"minecraft:oak_planks":8},"minecraft:used":{"minecraft:oak_planks":1},"minecraft:custom":{"minecraft:jump":29,"minecraft:time_since_rest":1508,"minecraft:leave_game":1,"minecraft:damage_taken":20,"minecraft:sprint_one_cm":2372,"minecraft:play_time":1508,"minecraft:time_since_death":1508,"minecraft:walk_one_cm":1262,"minecraft:climb_one_cm":226,"minecraft:total_world_time":1508,"minecraft:fall_one_cm":822,"minecraft:fly_one_cm":5304},"minecraft:picked_up":{"minecraft:oak_log":2,"minecraft:wheat_seeds":1},"minecraft:mined":{"minecraft:short_grass":2,"minecraft:oak_log":2,"minecraft:fern":1}},"DataVersion":3955}